index,name,price,image
1,"Polaris Home Linen Throw Blanket Oat",310,https://loremflickr.com/800/800/blanket%2Cthrow?lock=12036
2,"Harbor Cotton Duvet Cover Set Soft Grey",318.85,https://loremflickr.com/800/800/bedding%2Cduvet?lock=12058
3,"Nightingale Memory Foam Pillow Pair",327.7,https://loremflickr.com/800/800/pillow%2Cbedding?lock=12073
4,"Aurelia Velvet Cushion Cover Ember",336.55,https://loremflickr.com/800/800/cushion%2Cpillow?lock=12091
5,"Verdant Woven Area Rug 160x230",345.4,https://loremflickr.com/800/800/rug%2Ccarpet?lock=12106
6,"Oak & Ember Acacia Side Table",354.25,https://loremflickr.com/800/800/sidetable%2Cfurniture?lock=12124
7,"Lumenora Ceramic Table Lamp Matte",363.1,https://loremflickr.com/800/800/lamp%2Clighting?lock=12147
8,"Brightfolio LED Floor Lamp Arc",371.95,https://loremflickr.com/800/800/floorlamp%2Clighting?lock=12163
9,"Solstice Glass Bud Vase Trio",364,https://loremflickr.com/800/800/vase%2Cdecor?lock=12180
10,"Driftwood Framed Wall Print Coastal",372.85,https://loremflickr.com/800/800/wallart%2Cframe?lock=12206
11,"Keystone Modular Storage Cube Pair",381.7,https://loremflickr.com/800/800/storage%2Ccube?lock=12224
12,"Coppernest Bamboo Laundry Hamper",390.55,https://loremflickr.com/800/800/laundry%2Cbasket?lock=12241
13,"Fieldcraft Woven Storage Basket Large",399.4,https://loremflickr.com/800/800/basket%2Cstorage?lock=12265
14,"Summit Forge Cast Iron Skillet 28cm",408.25,https://loremflickr.com/800/800/skillet%2Ccookware?lock=12282
15,"Cascade Brew Pour-Over Stand Set",417.1,https://loremflickr.com/800/800/coffee%2Ckitchen?lock=12298
16,"Harbor Stoneware Dinner Plate Set of 4",425.95,https://loremflickr.com/800/800/plates%2Cdinnerware?lock=12323
17,"Silkroad Linen Napkin Set of 6",418,https://loremflickr.com/800/800/napkin%2Ctable?lock=12334
18,"Nordvik Stainless Cutlery Set 24pc",426.85,https://loremflickr.com/800/800/cutlery%2Csilverware?lock=12357
19,"Helix Care Bamboo Cutting Board",435.7,https://loremflickr.com/800/800/cuttingboard%2Ckitchen?lock=12373
20,"Canopy Labs Herb Planter Windowsill",444.55,https://loremflickr.com/800/800/planter%2Cherbs?lock=12396
21,"Verdant Ceramic Plant Pot with Saucer",453.4,https://loremflickr.com/800/800/plantpot%2Cceramic?lock=12417
22,"Atlas Peak Hanging Macrame Planter",462.25,https://loremflickr.com/800/800/macrame%2Cplanter?lock=12433
23,"Garden Lane Pruning Shears Pro",471.1,https://loremflickr.com/800/800/pruners%2Cgarden?lock=12448
24,"TerraForm Tools Hand Trowel Set",479.95,https://loremflickr.com/800/800/gardentools%2Ctrowel?lock=12468
25,"RoverPet Outdoor Watering Can 5L",472,https://loremflickr.com/800/800/wateringcan%2Cgarden?lock=12488
26,"Kelp & Clay Seed Starter Tray Kit",480.85,https://loremflickr.com/800/800/seeds%2Cgardening?lock=12508
27,"Polaris Outdoor Floor Cushion Pair",489.7,https://loremflickr.com/800/800/outdoorcushion%2Cpatio?lock=12528
28,"Summit Forge Folding Patio Chair",498.55,https://loremflickr.com/800/800/patiochair%2Coutdoor?lock=12545
29,"Harbor String Light Set Warm 10m",507.4,https://loremflickr.com/800/800/stringlights%2Coutdoor?lock=12564
30,"Lumenora Salt Crystal Ambient Lamp",516.25,https://loremflickr.com/800/800/saltlamp%2Clighting?lock=12585
31,"Nightingale Blackout Curtain Pair",525.1,https://loremflickr.com/800/800/curtains%2Cblackout?lock=12603
32,"Aurelia Sheer Voile Curtain Pair",533.95,https://loremflickr.com/800/800/curtains%2Csheer?lock=12621
33,"Oak & Ember Entryway Console Slim",526,https://loremflickr.com/800/800/consoletable%2Cfurniture?lock=12641
34,"Bluefinch Floating Shelf Set of 3",534.85,https://loremflickr.com/800/800/shelf%2Cwall?lock=12660
35,"Keystone Wall Clock Silent Sweep",543.7,https://loremflickr.com/800/800/wallclock%2Chome?lock=12678
36,"Paper & Pine Desk Organiser Oak",552.55,https://loremflickr.com/800/800/organiser%2Cdesk?lock=12696
37,"Voltura Fabric Power Strip Cover",561.4,https://loremflickr.com/800/800/powerstrip%2Chome?lock=12716
38,"NovaByte Smart Plug Twin Pack",570.25,https://loremflickr.com/800/800/smartplug%2Chome?lock=12732
39,"Brightfolio Gallery LED Strip 2m",579.1,https://loremflickr.com/800/800/ledstrip%2Clighting?lock=12754
40,"Helix Care Turkish Bath Towel Set",587.95,https://loremflickr.com/800/800/towel%2Cbath?lock=12774
41,"Solstice Bamboo Bath Mat",580,https://loremflickr.com/800/800/bathmat%2Cbamboo?lock=12784
42,"Coppernest Shower Caddy Over Door",588.85,https://loremflickr.com/800/800/showercaddy%2Cbath?lock=12812
43,"Harbor Reed Diffuser Linen",597.7,https://loremflickr.com/800/800/diffuser%2Chome?lock=12824
44,"Stillpoint Soy Candle Cedar Trio",606.55,https://loremflickr.com/800/800/candle%2Csoy?lock=12849
45,"Cinder Lane Match Striker Jar",615.4,https://loremflickr.com/800/800/matches%2Ccandle?lock=12865
46,"Driftwood Incense Holder Stone",624.25,https://loremflickr.com/800/800/incense%2Cdecor?lock=12885
47,"UrbanMesh Door Mat Indoor Outdoor",633.1,https://loremflickr.com/800/800/doormat%2Chome?lock=12907
48,"Fieldcraft Coat Hook Rail Oak",641.95,https://loremflickr.com/800/800/hooks%2Centryway?lock=12922
49,"Silkroad Mirror Round 50cm",634,https://loremflickr.com/800/800/mirror%2Cwall?lock=12938
50,"Lumenora Picture Frame Set Black",642.85,https://loremflickr.com/800/800/pictureframe%2Cdecor?lock=12963
51,"Verdant Artificial Olive Tree 120cm",651.7,https://loremflickr.com/800/800/faketree%2Cdecor?lock=12985
52,"Atlas Peak Garden Kneeler Pad",660.55,https://loremflickr.com/800/800/gardening%2Ckneeler?lock=12998
53,"Garden Lane Hose Nozzle 8 Pattern",669.4,https://loremflickr.com/800/800/hose%2Cgarden?lock=13021
54,"TerraForm Tools Folding Garden Stool",678.25,https://loremflickr.com/800/800/gardensool%2Coutdoor?lock=13043
55,"Kelp & Clay Compost Bin Countertop",687.1,https://loremflickr.com/800/800/compost%2Ckitchen?lock=13060
56,"Cascade Non-Stick Saucepan 18cm",695.95,https://loremflickr.com/800/800/saucepan%2Ccookware?lock=13076
57,"Nordvik Mixing Bowl Nest of 3",688,https://loremflickr.com/800/800/mixingbowl%2Ckitchen?lock=13093
58,"Harbor Glass Food Storage Set",696.85,https://loremflickr.com/800/800/foodstorage%2Ckitchen?lock=13112
59,"Oak & Ember Utensil Crock Ceramic",705.7,https://loremflickr.com/800/800/utensilholder%2Ckitchen?lock=13135
60,"Polaris Kitchen Timer Magnetic",714.55,https://loremflickr.com/800/800/timer%2Ckitchen?lock=13151
61,"Brightfolio Under-Cabinet Puck Lights",723.4,https://loremflickr.com/800/800/pucklights%2Ckitchen?lock=13177
62,"Keystone Shoe Rack Entry 3 Tier",732.25,https://loremflickr.com/800/800/shoerack%2Cstorage?lock=13190
63,"Coppernest Vacuum Storage Bag Set",741.1,https://loremflickr.com/800/800/storagebags%2Chome?lock=13211
64,"Nightingale Blackout Eye Mask Gift",749.95,https://loremflickr.com/800/800/eyemask%2Csleep?lock=13231
65,"Aurelia Weighted Blanket 7kg",742,https://loremflickr.com/800/800/weightedblanket%2Csleep?lock=13244
66,"Solstice Mattress Topper Foam",750.85,https://loremflickr.com/800/800/mattresstopper%2Cbedding?lock=13264
67,"Summit Forge BBQ Tool Set",759.7,https://loremflickr.com/800/800/bbq%2Cgrill?lock=13279
68,"Harbor Outdoor Tablecloth Wipe Clean",768.55,https://loremflickr.com/800/800/tablecloth%2Coutdoor?lock=13309
69,"Fieldcraft Bug Zapper Lantern",777.4,https://loremflickr.com/800/800/lantern%2Coutdoor?lock=13321
70,"Verdant Vertical Wall Planter",786.25,https://loremflickr.com/800/800/wallplanter%2Cgarden?lock=13340
71,"Lumenora Touch Bedside Lamp",795.1,https://loremflickr.com/800/800/bedsidelamp%2Clighting?lock=13357
72,"Driftwood Scented Sachet Drawer Pack",803.95,https://loremflickr.com/800/800/sachet%2Chome?lock=13385
73,"Helix Care Laundry Drying Rack Fold",796,https://loremflickr.com/800/800/dryingrack%2Claundry?lock=13403
74,"UrbanMesh Cable Management Box",804.85,https://loremflickr.com/800/800/cablebox%2Corganiser?lock=13417
75,"Paper & Pine Wall Calendar Linen",813.7,https://loremflickr.com/800/800/calendar%2Chome?lock=13438
76,"NovaByte Wireless Doorbell Kit",822.55,https://loremflickr.com/800/800/doorbell%2Chome?lock=13455
77,"Bluefinch Hygrometer Desk Clock",831.4,https://loremflickr.com/800/800/hygrometer%2Cclock?lock=13475
78,"Canopy Labs Grow Light Clip",840.25,https://loremflickr.com/800/800/growlight%2Cplants?lock=13490
79,"Garden Lane Bird Feeder Hanging",849.1,https://loremflickr.com/800/800/birdfeeder%2Cgarden?lock=13513
80,"TerraForm Tools Leaf Rake Expandable",857.95,https://loremflickr.com/800/800/rake%2Cgarden?lock=13537
81,"Kelp & Clay Potting Mix 20L",850,https://loremflickr.com/800/800/soil%2Cgardening?lock=13547
82,"Oak & Ember Serving Tray Oval",858.85,https://loremflickr.com/800/800/tray%2Cserving?lock=13568
83,"Silkroad Teapot Ceramic 900ml",867.7,https://loremflickr.com/800/800/teapot%2Ckitchen?lock=13587
84,"Cascade Brew French Press 1L",876.55,https://loremflickr.com/800/800/frenchpress%2Ccoffee?lock=13605
85,"Nordvik Spice Rack Revolving",885.4,https://loremflickr.com/800/800/spicerack%2Ckitchen?lock=13624
86,"Harbor Oil & Vinegar Cruet Set",894.25,https://loremflickr.com/800/800/cruet%2Ckitchen?lock=13645
87,"Polaris Placemat Woven Set of 4",903.1,https://loremflickr.com/800/800/placemat%2Ctable?lock=13665
88,"Aurelia Candle Holder Brass Pair",911.95,https://loremflickr.com/800/800/candleholder%2Cdecor?lock=13685
89,"Cinder Lane Fireplace Tool Set Mini",904,https://loremflickr.com/800/800/fireplace%2Ctools?lock=13707
90,"Atlas Peak Picnic Blanket Outdoor",912.85,https://loremflickr.com/800/800/picnic%2Coutdoor?lock=13724
91,"Summit Forge Camp Mug Enamel Pair",921.7,https://loremflickr.com/800/800/mug%2Ccamping?lock=13743
92,"RoverPet Indoor Plant Mister",930.55,https://loremflickr.com/800/800/mister%2Cplants?lock=13757
93,"Motorlane Garage Hook Heavy Duty 4pk",939.4,https://loremflickr.com/800/800/hooks%2Cgarage?lock=13784
94,"Polaris Nesting Nightstand Pair",948.25,https://loremflickr.com/800/800/nightstand%2Cfurniture?lock=13798
95,"Harbor Bathrobe Waffle Weave",957.1,https://loremflickr.com/800/800/bathrobe%2Cbath?lock=13814
96,"Verdant Moss Pole Plant Support",965.95,https://loremflickr.com/800/800/plantsupport%2Cplants?lock=13836
97,"Lumenora Candle Warmer Lamp",958,https://loremflickr.com/800/800/candlewarmer%2Clighting?lock=13851
98,"Oak & Ember Wine Rack Countertop",966.85,https://loremflickr.com/800/800/winerack%2Ckitchen?lock=13875
99,"Silkroad Chopstick Rest Set Ceramic",975.7,https://loremflickr.com/800/800/tableware%2Cceramic?lock=13897