index,sku,name,slug,wholesale,sale_price,image_url
1,LS-001-mrl6ouw9,"Northwind Scented Soy Candle Set",ls-northwind-scented-soy-candle-set-mrl6ouw9-1,18.5,22.2,https://images.unsplash.com/photo-1586023492125-27b2c045efd7?w=800&q=80&auto=format&fit=crop
2,LS-002-mrl6ouw9,"Lumen Ceramic Diffuser Lamp",ls-lumen-ceramic-diffuser-lamp-mrl6ouw9-2,32,38.4,https://images.unsplash.com/photo-1567016432779-094069958ea5?w=800&q=80&auto=format&fit=crop
3,LS-003-mrl6ouw9,"Harbour Reed Diffuser — Sea Salt",ls-harbour-reed-diffuser-sea-salt-mrl6ouw9-3,22,26.4,https://images.unsplash.com/photo-1513694203232-719a280e022f?w=800&q=80&auto=format&fit=crop
4,LS-004-mrl6ouw9,"Kanvas Cork Yoga Mat 5mm",ls-kanvas-cork-yoga-mat-5mm-mrl6ouw9-4,28,33.6,https://images.unsplash.com/photo-1524758631624-e2822e304c36?w=800&q=80&auto=format&fit=crop
5,LS-005-mrl6ouw9,"Stillpoint Meditation Cushion",ls-stillpoint-meditation-cushion-mrl6ouw9-5,24.5,29.4,https://images.unsplash.com/photo-1616486338812-3dadae4b4ace?w=800&q=80&auto=format&fit=crop
6,LS-006-mrl6ouw9,"Flexband Resistance Loop Pack",ls-flexband-resistance-loop-pack-mrl6ouw9-6,12,14.4,https://images.unsplash.com/photo-1556228453-efd6c1ff04f6?w=800&q=80&auto=format&fit=crop
7,LS-007-mrl6ouw9,"Dawnlight Foam Roller",ls-dawnlight-foam-roller-mrl6ouw9-7,16,19.2,https://images.unsplash.com/photo-1481277542470-605612bd2d61?w=800&q=80&auto=format&fit=crop
8,LS-008-mrl6ouw9,"Oak & Ember Acacia Serving Board",ls-oak-ember-acacia-serving-board-mrl6ouw9-8,21,25.2,https://images.unsplash.com/photo-1522708323590-d24dbb6b0267?w=800&q=80&auto=format&fit=crop
9,LS-009-mrl6ouw9,"Cascade Pour-Over Coffee Kit",ls-cascade-pour-over-coffee-kit-mrl6ouw9-9,29.5,35.4,https://images.unsplash.com/photo-1513885535751-8b9238bd345a?w=800&q=80&auto=format&fit=crop
10,LS-010-mrl6ouw9,"Nimbus Double-Wall Travel Mug 350ml",ls-nimbus-double-wall-travel-mug-350ml-mrl6ouw9-10,17,20.4,https://images.unsplash.com/photo-1505693416388-ac5ce068fe85?w=800&q=80&auto=format&fit=crop
11,LS-011-mrl6ouw9,"Fieldcraft Stainless Water Bottle 750ml",ls-fieldcraft-stainless-water-bottle-750ml-mrl6ouw9-11,19,22.8,https://images.unsplash.com/photo-1494438639946-1ebd1d20bf85?w=800&q=80&auto=format&fit=crop
12,LS-012-mrl6ouw9,"Paper & Pine Dot Grid Journal A5",ls-paper-pine-dot-grid-journal-a5-mrl6ouw9-12,14,16.8,https://images.unsplash.com/photo-1615873968403-89e068629265?w=800&q=80&auto=format&fit=crop
13,LS-013-mrl6ouw9,"Keystone Desk Organiser Tray",ls-keystone-desk-organiser-tray-mrl6ouw9-13,15.5,18.6,https://images.unsplash.com/photo-1600210492493-0946911123ea?w=800&q=80&auto=format&fit=crop
14,LS-014-mrl6ouw9,"Brightfolio LED Desk Lamp",ls-brightfolio-led-desk-lamp-mrl6ouw9-14,34,40.8,https://images.unsplash.com/photo-1600585154340-be6161a56a0c?w=800&q=80&auto=format&fit=crop
15,LS-015-mrl6ouw9,"Polaris Soft Throw Blanket",ls-polaris-soft-throw-blanket-mrl6ouw9-15,23,27.6,https://images.unsplash.com/photo-1600607687939-ce8a6c25118c?w=800&q=80&auto=format&fit=crop
16,LS-016-mrl6ouw9,"Nestweave Cotton Cushion Cover Pair",ls-nestweave-cotton-cushion-cover-pair-mrl6ouw9-16,16.5,19.8,https://images.unsplash.com/photo-1598928636135-d146006ff4be?w=800&q=80&auto=format&fit=crop
17,LS-017-mrl6ouw9,"Verdant Ceramic Plant Pot Set",ls-verdant-ceramic-plant-pot-set-mrl6ouw9-17,20,24,https://images.unsplash.com/photo-1416879595882-3373a0480b5b?w=800&q=80&auto=format&fit=crop
18,LS-018-mrl6ouw9,"Canopy Self-Watering Herb Planter",ls-canopy-self-watering-herb-planter-mrl6ouw9-18,18,21.6,https://images.unsplash.com/photo-1491147334573-44cbb4602074?w=800&q=80&auto=format&fit=crop
19,LS-019-mrl6ouw9,"Solstice Linen Napkin Set of 4",ls-solstice-linen-napkin-set-of-4-mrl6ouw9-19,13.5,16.2,https://images.unsplash.com/photo-1501004318641-b39e6451bec6?w=800&q=80&auto=format&fit=crop
20,LS-020-mrl6ouw9,"Coppernest Insulated Lunch Tote",ls-coppernest-insulated-lunch-tote-mrl6ouw9-20,17.5,21,https://images.unsplash.com/photo-1518531933037-91b2f5f229cc?w=800&q=80&auto=format&fit=crop
21,LS-021-mrl6ouw9,"UrbanMesh Compact Picnic Blanket",ls-urbanmesh-compact-picnic-blanket-mrl6ouw9-21,22.5,27,https://images.unsplash.com/photo-1544367567-0f2fcb009e0b?w=800&q=80&auto=format&fit=crop
22,LS-022-mrl6ouw9,"Atlas Peak Daypack 18L",ls-atlas-peak-daypack-18l-mrl6ouw9-22,36,43.2,https://images.unsplash.com/photo-1518611012118-696072aa579a?w=800&q=80&auto=format&fit=crop
23,LS-023-mrl6ouw9,"Silkroad Canvas Market Tote",ls-silkroad-canvas-market-tote-mrl6ouw9-23,11,13.2,https://images.unsplash.com/photo-1571019613454-1cb2f99b2d8b?w=800&q=80&auto=format&fit=crop
24,LS-024-mrl6ouw9,"Aurelia Velvet Eye Mask",ls-aurelia-velvet-eye-mask-mrl6ouw9-24,9.5,11.4,https://images.unsplash.com/photo-1571902943202-507ec2618e8f?w=800&q=80&auto=format&fit=crop
25,LS-025-mrl6ouw9,"Nightingale Weighted Sleep Mask Set",ls-nightingale-weighted-sleep-mask-set-mrl6ouw9-25,14.5,17.4,https://images.unsplash.com/photo-1495474472287-4d71bcdd2085?w=800&q=80&auto=format&fit=crop
26,LS-026-mrl6ouw9,"Helix Care Bamboo Bath Towel Pair",ls-helix-care-bamboo-bath-towel-pair-mrl6ouw9-26,26,31.2,https://images.unsplash.com/photo-1509042239860-f550ce710b93?w=800&q=80&auto=format&fit=crop
27,LS-027-mrl6ouw9,"Kelp & Clay Body Scrub Set",ls-kelp-clay-body-scrub-set-mrl6ouw9-27,19.5,23.4,https://images.unsplash.com/photo-1511920170033-f8396924c348?w=800&q=80&auto=format&fit=crop
28,LS-028-mrl6ouw9,"Lumenora Salt Crystal Lamp",ls-lumenora-salt-crystal-lamp-mrl6ouw9-28,27,32.4,https://images.unsplash.com/photo-1559056199-641a0ac8b55e?w=800&q=80&auto=format&fit=crop
29,LS-029-mrl6ouw9,"Driftwood Wall Art Print A3",ls-driftwood-wall-art-print-a3-mrl6ouw9-29,25,30,https://images.unsplash.com/photo-1521017432531-fbd92d768814?w=800&q=80&auto=format&fit=crop
30,LS-030-mrl6ouw9,"Harbor Glass Bud Vase Trio",ls-harbor-glass-bud-vase-trio-mrl6ouw9-30,12.5,15,https://images.unsplash.com/photo-1470337458703-46ad1756a187?w=800&q=80&auto=format&fit=crop
31,LS-031-mrl6ouw9,"Summit Forge Campfire Mug Enamel",ls-summit-forge-campfire-mug-enamel-mrl6ouw9-31,10,12,https://images.unsplash.com/photo-1434030216411-0b793f4b4173?w=800&q=80&auto=format&fit=crop
32,LS-032-mrl6ouw9,"Fieldcraft Compact Picnic Cutlery",ls-fieldcraft-compact-picnic-cutlery-mrl6ouw9-32,11.5,13.8,https://images.unsplash.com/photo-1544716278-ca5e3f4abd8c?w=800&q=80&auto=format&fit=crop
33,LS-033-mrl6ouw9,"NovaByte Portable Bluetooth Speaker Mini",ls-novabyte-portable-bluetooth-speaker-mini-mrl6ouw9-33,31,37.2,https://images.unsplash.com/photo-1500530855697-b586d89ba3ee?w=800&q=80&auto=format&fit=crop
34,LS-034-mrl6ouw9,"Voltura Desk Cable Clip Pack",ls-voltura-desk-cable-clip-pack-mrl6ouw9-34,7.5,9,https://images.unsplash.com/photo-1469854523086-cc02fe5d8800?w=800&q=80&auto=format&fit=crop
35,LS-035-mrl6ouw9,"Bluefinch Reading Book Light",ls-bluefinch-reading-book-light-mrl6ouw9-35,13,15.6,https://images.unsplash.com/photo-1476514525535-07fb3b4ae5f1?w=800&q=80&auto=format&fit=crop
36,LS-036-mrl6ouw9,"Paper & Pine Bookmark Ribbon Set",ls-paper-pine-bookmark-ribbon-set-mrl6ouw9-36,6.5,7.8,https://images.unsplash.com/photo-1488646953014-85cb44e25828?w=800&q=80&auto=format&fit=crop
37,LS-037-mrl6ouw9,"Cinder Lane Matcha Whisk Kit",ls-cinder-lane-matcha-whisk-kit-mrl6ouw9-37,24,28.8,https://images.unsplash.com/photo-1504280390367-361c6d9f38f4?w=800&q=80&auto=format&fit=crop
38,LS-038-mrl6ouw9,"Cascade Brew French Press 600ml",ls-cascade-brew-french-press-600ml-mrl6ouw9-38,27.5,33,https://images.unsplash.com/photo-1523906834658-6e24ef2386f9?w=800&q=80&auto=format&fit=crop
39,LS-039-mrl6ouw9,"Oak & Ember Coaster Set of 6",ls-oak-ember-coaster-set-of-6-mrl6ouw9-39,11,13.2,https://images.unsplash.com/photo-1506197603052-3cc9c3a201bd?w=800&q=80&auto=format&fit=crop
40,LS-040-mrl6ouw9,"Stillpoint Essential Oil Roller Trio",ls-stillpoint-essential-oil-roller-trio-mrl6ouw9-40,16,19.2,https://images.unsplash.com/photo-1478131143081-80f7f84ca84d?w=800&q=80&auto=format&fit=crop
41,LS-041-mrl6ouw9,"Kanvas Mandala Yoga Strap",ls-kanvas-mandala-yoga-strap-mrl6ouw9-41,9,10.8,https://images.unsplash.com/photo-1506905925346-21bda4d32df4?w=800&q=80&auto=format&fit=crop
42,LS-042-mrl6ouw9,"UrbanMesh Foldable Shopping Crate",ls-urbanmesh-foldable-shopping-crate-mrl6ouw9-42,14,16.8,https://images.unsplash.com/photo-1556228720-195a672e8a03?w=800&q=80&auto=format&fit=crop
43,LS-043-mrl6ouw9,"Polaris Memory Foam Travel Pillow",ls-polaris-memory-foam-travel-pillow-mrl6ouw9-43,18,21.6,https://images.unsplash.com/photo-1515377905703-c4788e51af15?w=800&q=80&auto=format&fit=crop
44,LS-044-mrl6ouw9,"Atlas Peak Packing Cube Set",ls-atlas-peak-packing-cube-set-mrl6ouw9-44,21.5,25.8,https://images.unsplash.com/photo-1596755094514-f87e34085b2c?w=800&q=80&auto=format&fit=crop
45,LS-045-mrl6ouw9,"Solstice Sunglasses Soft Case",ls-solstice-sunglasses-soft-case-mrl6ouw9-45,8,9.6,https://images.unsplash.com/photo-1507473885765-e6ed057f782c?w=800&q=80&auto=format&fit=crop
46,LS-046-mrl6ouw9,"Aurelia Silk Scrunchie Pack",ls-aurelia-silk-scrunchie-pack-mrl6ouw9-46,9.5,11.4,https://images.unsplash.com/photo-1532372320572-cda25653a26d?w=800&q=80&auto=format&fit=crop
47,LS-047-mrl6ouw9,"Helix Care Jade Facial Roller",ls-helix-care-jade-facial-roller-mrl6ouw9-47,12,14.4,https://images.unsplash.com/photo-1558618666-fcd25c85cd64?w=800&q=80&auto=format&fit=crop
48,LS-048-mrl6ouw9,"Nightingale White Noise Mini",ls-nightingale-white-noise-mini-mrl6ouw9-48,33,39.6,https://images.unsplash.com/photo-1548036328-c9fa89d128fa?w=800&q=80&auto=format&fit=crop
49,LS-049-mrl6ouw9,"Verdant Hanging Macramé Planter",ls-verdant-hanging-macram-planter-mrl6ouw9-49,15,18,https://images.unsplash.com/photo-1553062407-98eeb64c6a62?w=800&q=80&auto=format&fit=crop
50,LS-050-mrl6ouw9,"Lumen Ceramic Catch-All Dish",ls-lumen-ceramic-catch-all-dish-mrl6ouw9-50,10.5,12.6,https://images.unsplash.com/photo-1590874103328-eac38a683ce7?w=800&q=80&auto=format&fit=crop
51,LS-051-mrl6ouw9,"Harbor Linen Apron",ls-harbor-linen-apron-mrl6ouw9-51,19,22.8,https://images.unsplash.com/photo-1622560480605-d83c853bc5c3?w=800&q=80&auto=format&fit=crop
52,LS-052-mrl6ouw9,"Keystone Hourglass Desk Timer",ls-keystone-hourglass-desk-timer-mrl6ouw9-52,12.5,15,https://images.unsplash.com/photo-1566150905458-1bf1fc113f0d?w=800&q=80&auto=format&fit=crop
53,LS-053-mrl6ouw9,"Brightfolio Clip Photo Frame Set",ls-brightfolio-clip-photo-frame-set-mrl6ouw9-53,11.5,13.8,https://images.unsplash.com/photo-1524805444758-089113d48a6d?w=800&q=80&auto=format&fit=crop
54,LS-054-mrl6ouw9,"Coppernest Reusable Produce Bags",ls-coppernest-reusable-produce-bags-mrl6ouw9-54,8.5,10.2,https://images.unsplash.com/photo-1523275335684-37898b6baf30?w=800&q=80&auto=format&fit=crop
55,LS-055-mrl6ouw9,"Fieldcraft Pocket Multi-Tool Card",ls-fieldcraft-pocket-multi-tool-card-mrl6ouw9-55,13.5,16.2,https://images.unsplash.com/photo-1508685096489-7aacd43bd3b1?w=800&q=80&auto=format&fit=crop
56,LS-056-mrl6ouw9,"Summit Forge Insulated Cooler Tote",ls-summit-forge-insulated-cooler-tote-mrl6ouw9-56,29,34.8,https://images.unsplash.com/photo-1511379938547-c1f69419868d?w=800&q=80&auto=format&fit=crop
57,LS-057-mrl6ouw9,"NovaByte Magnetic Phone Stand",ls-novabyte-magnetic-phone-stand-mrl6ouw9-57,14.5,17.4,https://images.unsplash.com/photo-1493225457124-a3eb161ffa5f?w=800&q=80&auto=format&fit=crop
58,LS-058-mrl6ouw9,"Voltura Smart Plug Twin Pack",ls-voltura-smart-plug-twin-pack-mrl6ouw9-58,22,26.4,https://images.unsplash.com/photo-1511671782779-c97d3d27a1d4?w=800&q=80&auto=format&fit=crop
59,LS-059-mrl6ouw9,"Bluefinch Hygrometer Thermo Clock",ls-bluefinch-hygrometer-thermo-clock-mrl6ouw9-59,17,20.4,https://images.unsplash.com/photo-1514525253161-7a46d19cd819?w=800&q=80&auto=format&fit=crop
60,LS-060-mrl6ouw9,"Paper & Pine Habit Tracker Pad",ls-paper-pine-habit-tracker-pad-mrl6ouw9-60,7,8.4,https://images.unsplash.com/photo-1556910103-1c02745aae4d?w=800&q=80&auto=format&fit=crop
61,LS-061-mrl6ouw9,"Cinder Lane Pouring Kettle Gooseneck",ls-cinder-lane-pouring-kettle-gooseneck-mrl6ouw9-61,35,42,https://images.unsplash.com/photo-1615529182904-14819c35db37?w=800&q=80&auto=format&fit=crop
62,LS-062-mrl6ouw9,"Cascade Cold Brew Bottle 1L",ls-cascade-cold-brew-bottle-1l-mrl6ouw9-62,18.5,22.2,https://images.unsplash.com/photo-1618220179428-22790b461013?w=800&q=80&auto=format&fit=crop
63,LS-063-mrl6ouw9,"Oak & Ember Herb Scissors Set",ls-oak-ember-herb-scissors-set-mrl6ouw9-63,9,10.8,https://images.unsplash.com/photo-1515886657613-9f3515b0c78f?w=800&q=80&auto=format&fit=crop
64,LS-064-mrl6ouw9,"Stillpoint Acupressure Mat Kit",ls-stillpoint-acupressure-mat-kit-mrl6ouw9-64,28.5,34.2,https://images.unsplash.com/photo-1502716119720-b23a93e5fe1b?w=800&q=80&auto=format&fit=crop
65,LS-065-mrl6ouw9,"Kanvas Balance Board Lite",ls-kanvas-balance-board-lite-mrl6ouw9-65,39,46.8,https://images.unsplash.com/photo-1441984904996-e0b6ba687e04?w=800&q=80&auto=format&fit=crop
66,LS-066-mrl6ouw9,"UrbanMesh Picnic Wine Carrier",ls-urbanmesh-picnic-wine-carrier-mrl6ouw9-66,16,19.2,https://images.unsplash.com/photo-1445205170230-053b83016050?w=800&q=80&auto=format&fit=crop
67,LS-067-mrl6ouw9,"Polaris Flannel Sheet Pair Pillowcases",ls-polaris-flannel-sheet-pair-pillowcases-mrl6ouw9-67,15,18,https://images.unsplash.com/photo-1485462537746-965f33f7f6a7?w=800&q=80&auto=format&fit=crop
68,LS-068-mrl6ouw9,"Atlas Peak Crossbody Sling Bag",ls-atlas-peak-crossbody-sling-bag-mrl6ouw9-68,24,28.8,https://images.unsplash.com/photo-1490114538077-0a7f8cb49891?w=800&q=80&auto=format&fit=crop
69,LS-069-mrl6ouw9,"Solstice Reusable Face Cloth Pack",ls-solstice-reusable-face-cloth-pack-mrl6ouw9-69,10,12,https://images.unsplash.com/photo-1495121605193-b116b5b9c5fe?w=800&q=80&auto=format&fit=crop
70,LS-070-mrl6ouw9,"Aurelia Bath Soak Mineral Jar",ls-aurelia-bath-soak-mineral-jar-mrl6ouw9-70,14,16.8,https://images.unsplash.com/photo-1512436991641-6745cdb1723f?w=800&q=80&auto=format&fit=crop
71,LS-071-mrl6ouw9,"Helix Care Tongue Scraper Pair",ls-helix-care-tongue-scraper-pair-mrl6ouw9-71,6,7.2,https://images.unsplash.com/photo-1513094735237-8f2714d57c13?w=800&q=80&auto=format&fit=crop
72,LS-072-mrl6ouw9,"Nightingale Silk Pillowcase",ls-nightingale-silk-pillowcase-mrl6ouw9-72,27,32.4,https://images.unsplash.com/photo-1520006403909-838d6b92c22e?w=800&q=80&auto=format&fit=crop
73,LS-073-mrl6ouw9,"Verdant Spray Mister Bottle",ls-verdant-spray-mister-bottle-mrl6ouw9-73,8,9.6,https://images.unsplash.com/photo-1527719327859-c6ce80353573?w=800&q=80&auto=format&fit=crop
74,LS-074-mrl6ouw9,"Lumen Pottery Match Holder",ls-lumen-pottery-match-holder-mrl6ouw9-74,11,13.2,https://images.unsplash.com/photo-1532453288672-3a27e9be9efd?w=800&q=80&auto=format&fit=crop
75,LS-075-mrl6ouw9,"Harbor Cotton Table Runner",ls-harbor-cotton-table-runner-mrl6ouw9-75,16.5,19.8,https://images.unsplash.com/photo-1540221652346-e5dd6b50f3e7?w=800&q=80&auto=format&fit=crop
76,LS-076-mrl6ouw9,"Keystone Analog Kitchen Timer",ls-keystone-analog-kitchen-timer-mrl6ouw9-76,9.5,11.4,https://images.unsplash.com/photo-1542060748-10c28b62716f?w=800&q=80&auto=format&fit=crop
77,LS-077-mrl6ouw9,"Brightfolio Gallery LED Strip Warm",ls-brightfolio-gallery-led-strip-warm-mrl6ouw9-77,14,16.8,https://images.unsplash.com/photo-1558769132-cb1aea458c5e?w=800&q=80&auto=format&fit=crop
78,LS-078-mrl6ouw9,"Coppernest Collapsible Silicone Bowl",ls-coppernest-collapsible-silicone-bowl-mrl6ouw9-78,8,9.6,https://images.unsplash.com/photo-1567225557594-88d73e55f2cb?w=800&q=80&auto=format&fit=crop
79,LS-079-mrl6ouw9,"Fieldcraft Outdoor Picnic Knife",ls-fieldcraft-outdoor-picnic-knife-mrl6ouw9-79,12,14.4,https://images.unsplash.com/photo-1596462502278-27bfdc403348?w=800&q=80&auto=format&fit=crop
80,LS-080-mrl6ouw9,"Summit Forge Camp Seat Pad",ls-summit-forge-camp-seat-pad-mrl6ouw9-80,13,15.6,https://images.unsplash.com/photo-1601925260368-ae2f83cf8b7f?w=800&q=80&auto=format&fit=crop
81,LS-081-mrl6ouw9,"NovaByte Wireless Charger Disc",ls-novabyte-wireless-charger-disc-mrl6ouw9-81,18,21.6,https://images.unsplash.com/photo-1469334031218-e382a71b716b?w=800&q=80&auto=format&fit=crop
82,LS-082-mrl6ouw9,"Voltura Power Strip Cloth Cover",ls-voltura-power-strip-cloth-cover-mrl6ouw9-82,21,25.2,https://images.unsplash.com/photo-1483985988355-763728e1935b?w=800&q=80&auto=format&fit=crop
83,LS-083-mrl6ouw9,"Bluefinch Analogue Alarm Clock",ls-bluefinch-analogue-alarm-clock-mrl6ouw9-83,17.5,21,https://images.unsplash.com/photo-1490481651871-ab68de25d43d?w=800&q=80&auto=format&fit=crop
84,LS-084-mrl6ouw9,"Paper & Pine Recipe Card Box",ls-paper-pine-recipe-card-box-mrl6ouw9-84,14.5,17.4,https://images.unsplash.com/photo-1509631179647-0177331693ae?w=800&q=80&auto=format&fit=crop
85,LS-085-mrl6ouw9,"Cinder Lane Tea Infuser Flask",ls-cinder-lane-tea-infuser-flask-mrl6ouw9-85,16,19.2,https://images.unsplash.com/photo-1516762689617-e1cffcef479d?w=800&q=80&auto=format&fit=crop
86,LS-086-mrl6ouw9,"Cascade Brew Milk Frother Mini",ls-cascade-brew-milk-frother-mini-mrl6ouw9-86,11,13.2,https://images.unsplash.com/photo-1525507119028-ed4c629a60a3?w=800&q=80&auto=format&fit=crop
87,LS-087-mrl6ouw9,"Oak & Ember Bread Storage Bag",ls-oak-ember-bread-storage-bag-mrl6ouw9-87,10.5,12.6,https://images.unsplash.com/photo-1539109136881-3be0616acf4b?w=800&q=80&auto=format&fit=crop
88,LS-088-mrl6ouw9,"Stillpoint Breathing Exercise Cards",ls-stillpoint-breathing-exercise-cards-mrl6ouw9-88,12,14.4,https://images.unsplash.com/photo-1544441893-675973e31985?w=800&q=80&auto=format&fit=crop
89,LS-089-mrl6ouw9,"Kanvas Doorway Stretch Band",ls-kanvas-doorway-stretch-band-mrl6ouw9-89,15.5,18.6,https://images.unsplash.com/photo-1560243563-062bfc001d68?w=800&q=80&auto=format&fit=crop
90,LS-090-mrl6ouw9,"UrbanMesh Bike Handlebar Bag",ls-urbanmesh-bike-handlebar-bag-mrl6ouw9-90,20,24,https://images.unsplash.com/photo-1576566588028-4147f3842f27?w=800&q=80&auto=format&fit=crop
91,LS-091-mrl6ouw9,"Polaris Hot Water Bottle Cover",ls-polaris-hot-water-bottle-cover-mrl6ouw9-91,14,16.8,https://images.unsplash.com/photo-1583743814966-8936f5b7be1a?w=800&q=80&auto=format&fit=crop
92,LS-092-mrl6ouw9,"Atlas Peak Passport Organiser",ls-atlas-peak-passport-organiser-mrl6ouw9-92,19.5,23.4,https://images.unsplash.com/photo-1594938298603-c8148c4dae35?w=800&q=80&auto=format&fit=crop
93,LS-093-mrl6ouw9,"Solstice Canvas Laundry Hamper Bag",ls-solstice-canvas-laundry-hamper-bag-mrl6ouw9-93,13.5,16.2,https://images.unsplash.com/photo-1602810318383-e386cc2a3ccf?w=800&q=80&auto=format&fit=crop
94,LS-094-mrl6ouw9,"Aurelia Compact Mirror LED",ls-aurelia-compact-mirror-led-mrl6ouw9-94,15,18,https://images.unsplash.com/photo-1617137968427-85924c800a22?w=800&q=80&auto=format&fit=crop
95,LS-095-mrl6ouw9,"Helix Care Dry Brush Body",ls-helix-care-dry-brush-body-mrl6ouw9-95,11.5,13.8,https://images.unsplash.com/photo-1618354691373-d851c5c3a990?w=800&q=80&auto=format&fit=crop
96,LS-096-mrl6ouw9,"Nightingale Ear Plug Silicone Pack",ls-nightingale-ear-plug-silicone-pack-mrl6ouw9-96,7.5,9,https://images.unsplash.com/photo-1434389677669-e08b4cac3105?w=800&q=80&auto=format&fit=crop
97,LS-097-mrl6ouw9,"Verdant Seed Starter Kit Windowsill",ls-verdant-seed-starter-kit-windowsill-mrl6ouw9-97,16.5,19.8,https://images.unsplash.com/photo-1515372039744-b8f02a3ae446?w=800&q=80&auto=format&fit=crop
98,LS-098-mrl6ouw9,"Lumen Stone Incense Holder",ls-lumen-stone-incense-holder-mrl6ouw9-98,9,10.8,https://images.unsplash.com/photo-1521572163474-6864f9cf17ab?w=800&q=80&auto=format&fit=crop
99,LS-099-mrl6ouw9,"Harbor Guest Towel Set of 4",ls-harbor-guest-towel-set-of-4-mrl6ouw9-99,18,21.6,https://images.unsplash.com/photo-1549298916-b41d501d3772?w=800&q=80&auto=format&fit=crop
100,LS-100-mrl6ouw9,"Keystone Weekly Meal Planner Board",ls-keystone-weekly-meal-planner-board-mrl6ouw9-100,12,14.4,https://images.unsplash.com/photo-1560769629-975ec94e6a86?w=800&q=80&auto=format&fit=crop